paisagem_ano;ano;padrao;estado;areaha_florprima;perc_cobert;nfrag<1ha;nfrag_1-10ha;nfrag_10-100ha;nfrag_100-250ha;nfrag_250-500ha;nfrag_500-1000ha;nfrag>1000ha;nfrag_total;area_borda100;area_borda300;area_borda500;area_borda1000;area_core100;area_core300;area_core500;area_core1000; PAFRAC ; ENN_MN ; ENN_AM ; ENN_SD;ENN_CV;SHAPE_AM;PROX_CV;CORE_CV100;CORE_CV300;CORE_CV500;CORE_CV1000;CAI_AM100;CAI_AM300;CAI_AM500;CAI_AM1000;CLUMPY
22466_1985;1985;geo;PA;200612,84;80,25;0;13;5;2;0;2;2;24;64407648,42;168576412;262867768,4;463357336,3;194174;183766,58;174346,08;154277,1;1,154;466,1005;73,7441;499,1541;107,0915178;3,9329;223,9319;453,1935;455,1221;456,4006;458,1722;97,1393;91,8959;87,2835;77,1626;
22466_1990;1990;geo;PA;195781,37;78,31;0;7;3;2;0;2;4;18;62376321;171085908,1;270788720,6;481464414;189546,2;178686,05;168725,51;147634,92;1,1418;524,5371;78,8965;756,6775;144,2562404;3,2202;153,8289;393,3509;397,5329;400,8819;406,8051;97,1777;91,6079;86,5877;75,706;
22466_1995;1995;geo;PA;175073,67;70,03;2;33;7;3;0;4;3;52;101276711,5;263924164,6;403716877,9;663786373,2;164952,55;148704,27;134737,75;108695,03;1,2503;334,3421;70,2895;454,6706;135,9896346;5,7899;185,3786;742,938;751,7007;757,1461;766,0624;94,8793;85,5081;77,5744;62,4695;
22466_2000;2000;geo;PA;146707,2;58,68;11;75;26;3;1;5;3;124;186883084,6;418964115;572720757;836899702;128030,47;104840,64;89474,91;63017,23;1,3059;212,0789;70,5025;352,3635;166,1473631;12,5782;164,4083;1141,7285;1165,7486;1178,1668;1193,3877;88,6227;72,2853;61,7432;43,4109;
22466_2005;2005;geo;PA;82508,54;33,00;22;245;110;17;11;3;5;413;294582625,3;555537274,5;666716255,1;774653563,9;53081,88;26999,54;15879,84;5043,18;1,3436;192,7003;78,9725;320,7045;166,4265702;19,4752;243,8948;1690,7566;1793,8953;1811,537;1901,4638;67,7516;34,0423;20,034;6,3444;
22466_2010;2010;geo;PA;59145,66;23,66;94;477;205;29;16;5;8;834;265383780,7;442046335,6;501397958,1;559608628,7;32705,49;15053,71;9115,75;3184,8;1,3324;156,8519;79,5605;252,1296;160,7437334;6,9932;326,543;1231,5668;1781,9629;2240,056;2688,1213;58,9796;26,5144;15,967;5,7358;
22466_2015;2015;geo;PA;42556,19;17,02;154;701;206;34;12;6;6;1119;202257086,8;310103256,5;350001028,4;399012513,2;22462,31;11676,16;7686,71;2654,93;1,3188;161,2884;85,72;243,3062;150,8516422;4,5153;536,7434;1630,6599;2435,4127;2798,3681;3135,5887;56,1359;28,2224;18,6258;6,7292;
22568_1985;1985;geo;MT;217841,9;87,14;0;5;3;1;0;0;1;10;66480712,23;180920647,1;285961757,1;532058648,5;211193,83;199749,83;189265,28;164636,03;1,1821;490,4418;61,3983;633,9454;129,2600671;4,4254;123,2937;299,788;299,969;300;300;97,1901;91,8287;87,1716;75,7645;
22568_1990;1990;geo;MT;204314,58;81,73;5;4;4;1;1;0;1;16;83350380,5;222377515,9;346220893,9;624667976,2;195982,3;182091,62;169718,25;141847,79;1,2182;307,0897;62,6777;632,5165;205,971252;5,7174;109,1464;386,2533;386,8278;387,1496;387,2983;96,2378;89,3073;83,402;69,6464;
22568_1995;1995;geo;MT;195377,25;78,15;6;8;5;1;0;0;1;21;90232601,35;239173606,3;371057544,9;663187609,5;186358,76;171478,09;158301,49;129058,49;1,2312;220,4686;62,2352;651,4304;295,4753647;6,473;80,3252;489,4015;489,8373;489,8979;489,8979;95,7362;87,9851;81,3853;66,2935;
22568_2000;2000;geo;MT;180084,27;72,03;8;27;16;4;0;0;1;56;100750917,6;256274318;387568785,6;675758358,5;170014,43;154475,38;141357,43;112508,44;1,2651;203,4041;62,3666;477,546;234,7769784;7,1337;100,9068;791,9323;793,6383;793,7254;793,7254;94,8247;86,0094;78,8756;62,724;
22568_2005;2005;geo;MT;163588,17;65,44;7;11;7;3;2;0;3;33;112192780,8;288783765;433147831,3;723461919,5;152375,58;134730,97;120305,99;91241,98;1,2267;152,8686;63,0667;471,9398;308,7225238;7,2779;84,945;640,3673;650,7067;659,0929;674,6043;93,683;82,6488;73,9911;56,0391;
22568_2010;2010;geo;MT;154111,33;61,64;7;10;12;6;1;0;3;39;119556827;303516331,8;450469517,6;739376163,4;142162,1;123781,08;109097,69;80173,72;1,2205;140,4315;63,125;430,2849;306,4019825;7,8815;104,8823;710,4351;722,4985;731,7463;749,0126;92,8539;80,6376;71,2688;52,2897;
22568_2015;2015;geo;MT;153658,45;61,46;6;10;12;7;1;0;3;39;120491835,7;306667278,1;456281507,2;747837292,4;141617,11;123014,66;108065,56;78874,72;1,2198;132,3853;63,1335;408,6885;308,7113902;7,8957;100,2736;749,3428;762,1251;771,677;789,7755;92,7782;80,3819;70,8192;51,6007;
22668_1985;1985;geo;MT;240909,3;96,36;2;19;1;0;0;0;1;23;70540967,05;201964623,1;334435580,4;662503060,8;233857,8;220727,8;207494,81;174658,99;1,1823;115,8554;60,0126;79,5772;68,68665595;4,2098;92,9032;435,888;435,8899;435,8899;435,8899;97,4248;91,8931;86,6056;72,8814;
22668_1990;1990;geo;MT;237120,89;94,85;5;26;6;1;0;0;1;39;89061025,53;254570506,4;418379735,4;815379811,1;228218,1;211683,89;195321,09;155582,9;1,2217;95,8661;60,1129;44,4359;46,35204728;5,2518;102,6075;599,5642;599,9765;600;600;96,7105;89,6515;82,9546;66,0842;
22668_1995;1995;geo;MT;232115,85;92,85;11;25;7;1;0;0;1;45;99476813,94;283120053,2;463950342,9;890810330,8;222172,66;203827,54;185764,56;143034,82;1,2536;110,8877;60,1112;84,3137;76,035214;6,0182;113,2927;632,0808;632,4439;632,4555;632,4555;96,2516;88,2543;80,6807;62,1365;
22668_2000;2000;geo;MT;225677,25;90,27;13;32;9;1;0;0;2;57;117694546;332129662,8;540117846,9;1010456287;213912,51;192492,39;171716,84;124631,62;1,2248;142,177;60,311;116,1882;81,72081279;7,0611;119,5934;693,9633;695,8332;696,7177;698,7494;95,4441;85,8474;76,8428;55,8028;
22668_2005;2005;geo;MT;187118,82;74,85;17;46;16;3;1;1;3;87;175843540,8;462860658,1;713708671,8;1193676612;169542,35;140870,6;115809,47;67751,16;1,2614;173,6448;61,2507;181,8182;104,706965;11,8428;127,7499;861,848;866,6235;869,0347;871,7798;91,8257;76,1725;62,9544;36,8672;
22668_2010;2010;geo;MT;181220,09;72,49;33;49;17;2;1;3;4;109;181430990,8;477885619,3;733990961,8;1208886838;163084,03;133469,87;107882,69;60331,4;1,2452;152,3914;61,0849;191,5972;125,7270423;11,6099;130,2468;949,4122;959,8415;966,0886;976,6328;91,2921;74,6017;60,6324;33,9634;
22668_2015;2015;geo;MT;173868,71;69,55;24;53;20;3;2;4;8;114;192805913,4;502325511,2;764180966,9;1231081941;154595,98;123676,54;97514,33;50760,51;1,236;144,7178;61,167;146,8484;101,4722446;8,0101;153,008;660,1621;672,0973;680,6463;693,0605;90,3645;72,1711;57,252;29,8561;
22668_2_1985;1985;geo;MT;210114,36;84,05;1;9;3;0;1;0;3;17;104680263,1;279415699,6;439291821,3;784926742,5;199662,18;182251,82;166279,35;131621,69;1,221;278,8396;67,38;237,6012;85,21070895;4,9876;159,8247;341,7833;346,4539;350,6631;359,0449;95,7114;87,2396;79,7923;63,1573;
22668_2_1990;1990;geo;MT;199544,94;79,82;5;12;3;0;2;2;5;29;117900563,5;309429937,6;479668115,1;846114073,1;187760,82;168627,72;151619,98;114933,53;1,1779;158,4225;61,7677;203,891;128,7007843;5,5649;166,174;424,289;431,6958;438,3875;452,8211;94,9217;85,0939;76,7117;58,1439;
22668_2_1995;1995;geo;MT;187107,3;74,84;5;16;13;2;1;3;6;46;128151086,4;334031935,8;515532122;883504228,5;174297,54;153730,65;135598,88;98756,88;1,2151;212,67;62,0631;351,3107;165,1905299;6,1917;174,8296;564,544;576,8819;587,5753;609,3352;94;82,7945;73,249;53,3232;
22668_2_2000;2000;geo;MT;168636,33;67,45;11;42;20;0;2;2;6;83;157338206,2;382191835;572908107,2;944536263,6;152908,27;130445,45;111392,69;74182,7;1,2736;168,7426;62,0052;260,9939;154,6698344;8,1809;153,7727;742,3142;764,0274;782,1444;816,8656;91,7651;78,1081;66,9513;44,5793;
22668_2_2005;2005;geo;MT;154341,63;61,74;20;70;37;3;3;1;6;140;170975376,3;403096768,1;592430783,6;933449310,7;137251,59;114062,49;95146,09;60996,7;1,2955;183,4104;64,5345;255,5363;139,3248693;9,038;197,6935;984,6886;1016,3537;1040,5149;1083,5693;90,2043;74,7593;62,6032;40,0699;
22668_2_2010;2010;geo;MT;152333,01;60,93;9;39;33;2;3;2;7;95;170616554,3;403925889,1;590689857;919343963,4;135277,31;111970,18;93309,55;60398,61;1,2834;152,392;64,8232;174,6418;114,6003727;9,2979;166,571;817,6998;843,5455;863,5789;899,8246;90,104;74,3597;62,1923;40,2094;
22668_2_2015;2015;geo;MT;147368,43;58,95;12;60;34;3;3;3;8;123;182328916,9;422401138,6;613283165,7;945257102,7;129142,6;105158,42;86086,91;52842,72;1,2813;177,804;65,2105;281,3471;158,2344042;8,2917;198,7124;824,0201;862,0043;894,8122;965,0519;89,049;72,2739;59,4059;36,4241;
22669_1985;1985;geo;MT;234822,38;93,93;1;4;3;0;0;1;1;10;82348578,78;235293859,8;383549601;727054456,2;226590,16;211309,67;196499,52;162116,93; N/A ;234,6981;67,4153;286,2111;121,9486225;4,6379;138,5604;281,7262;282,1168;282,3724;282,7876;96,9144;90,3246;84,2109;69,4429;
22669_1990;1990;geo;MT;225753,17;90,30;1;9;10;1;1;3;1;26;115852931,4;322486711,6;516583657,3;958038499,2;214172,13;193529,39;174140,67;129949,32;1,2157;189,5993;61,0001;200,2102;105,5964869;6,6114;154,7239;486,1388;487,7285;488,6815;489,8052;95,5045;86,2401;77,8456;58,1041;
22669_1995;1995;geo;MT;212744,61;85,10;6;23;20;0;0;3;1;53;140772351,1;386492870,8;613338956,6;1101847794;198672,64;174125,28;151464,6;102559,83;1,221;190,1628;61,4424;227,597;119,6853433;8,2893;161,6073;714,2307;716,7695;718,2506;720,9185;94,2013;82,5043;72,0616;48,808;
22669_2000;2000;geo;MT;192123,72;76,85;10;26;24;1;2;2;1;66;159315734,3;423971625,8;656429839;1120596347;176197,83;149757,99;126534,47;80064,09;1,2327;220,4247;62,1528;268,9467;122,0129595;9,9906;148,3192;772,2258;775,9539;778,2624;780,9863;92,7062;78,7175;66,8102;42,2727;
22669_2005;2005;geo;MT;122615,28;49,05;10;55;61;15;9;5;9;164;229098459,6;526569809,1;718920947,7;985344011,6;99746,7;70028,75;50802,37;24080,88;1,3084;204,3459;70,4089;255,9079;125,2327059;8,4496;199,5089;785,2412;870,242;937,3378;1092,8061;83,4561;58,2607;42,5371;20,0628;
22669_2010;2010;geo;MT;111851,1;44,74;7;78;82;23;8;6;13;217;219969950,4;501924035,6;686965061,3;939436732,4;89867,28;61692,58;43197;17907,43;1,2891;211,1712;75,9054;244,0937;115,5904309;5,8556;286,971;771,6421;882,2156;975,7668;1195,1272;82,5346;56,3669;39,7779;16,4316;
22669_2015;2015;geo;MT;108271,53;43,31;12;73;83;19;10;9;16;222;211366859,2;486795843,2;669584626,6;916534847,1;87142;59619,86;41350,21;16618,05;1,2507;206,465;75,1851;276,4499;133,8967379;4,5516;296,1659;612,3112;706,7595;791,1527;1048,869;82,6664;56,3052;39,3807;15,7599;
22867_1985;1985;geo;MT;231680,39;92,67;1;29;10;0;0;1;1;42;56262179,47;156091987,1;246328197,4;437313226,7;226055,27;216077,79;207059,32;187949,06;1,1817;204,7058;60,2584;198,537;96,98650453;2,8763;264,6409;638,782;639,6825;640,0225;640,3124;97,8355;93,4031;89,7065;81,314;
22867_1990;1990;geo;MT;224707,28;89,88;3;23;5;4;0;0;2;37;59279232,21;164271934,4;258083644,5;445512236,2;218780,61;208287,5;198911,94;180156,05;1,1479;348,8384;61,089;388,8917;111,4819068;2,6959;372,8887;578,2764;583,6253;587,2493;591,5464;97,6471;92,8545;88,8642;80,3634;
22867_1995;1995;geo;MT;211046,36;84,42;5;51;13;2;1;1;3;76;76831253,49;203424541,4;317615780,7;558064622,4;203365,37;190714,71;179303,81;155239,89;1,199;279,9237;61,0965;343,127;122,5787599;3,8532;186,7299;844,8824;853,5438;859,8231;865,9859;96,7386;90,6054;85,3999;73,8351;
22867_2000;2000;geo;MT;180611,82;72,24;4;136;38;1;1;1;4;185;117909928,1;287691231;429358210,5;723093169,5;168823,99;151857,67;137701,38;108302,5;1,3165;232,0956;61,684;305,4403;131,601073;6,1753;199,0494;1321,3794;1337,4137;1346,8821;1356,2982;94,1259;84,4788;76,8794;60,3536;
22867_2005;2005;geo;MT;154130,31;61,65;7;47;20;4;3;1;5;87;147969403,6;346997132,4;507417625,3;806858496,1;139339,37;119451,21;103421,64;73444,46;1,3031;192,2872;62,3821;365,3883;190,0221648;9,5418;117,5038;931,1011;945,8604;954,9809;964,1639;91,3525;78,0776;67,9256;48,0901;
22867_2010;2010;geo;MT;148172,67;59,27;12;107;40;9;2;0;6;176;156309406,4;355886237,8;515105187,8;813326976,2;132560,82;112618,27;96709;66839,97;1,3233;163,3024;62,0595;287,4603;176,0294399;8,2479;162,4824;1241,7784;1274,1974;1294,8038;1336,0265;90,4806;76,6289;66,1082;45,5742;
22867_2015;2015;geo;MT;146404,4;58,56;22;87;39;11;2;1;4;166;147277384,3;343075809,8;501365264,4;802893693,8;131673,53;112108,58;96292,56;66115,03;1,2919;193,0841;64,5068;401,2462;207,8090324;8,3266;162,9187;1260,2495;1285,2445;1301,451;1330,3379;90,9282;77,1917;66,6195;45,6242;
23069_2_1985;1985;geo;RO;217665,54;87,07;1;6;9;0;0;0;1;17;100190024,2;285348091,9;473931081,9;938897106,1;207648,54;189145,07;170303,68;123775,83;1,2834;179,52;60,2177;171,7923;95,69535428;5,8733;158,4204;374,1089;374,1657;374,1657;374,1657;95,877;87,2156;78,9965;57,4245;
23069_2_1990;1990;geo;RO;158865,52;63,55;4;27;22;0;3;2;1;59;146272583,8;377512494,9;580355262,6;1009505418;144241,62;121132;100863,49;57914,98;1,3007;351,3683;67,6072;463,1669;131,8180667;9,7718;209,2154;718,0122;721,7712;723,6705;728,011;91,7269;76,7845;64,553;37,057;
23069_2_1995;1995;geo;RO;106253,73;42,50;14;59;39;6;3;3;8;132;145351883,2;340555049,3;497279778,2;798973664,8;91719,66;72210,99;56549,75;26356,36;1,2346;292,4813;136,3106;610,7381;208,8127002;6,0551;238,8701;635,2772;638,4389;638,0751;643,1204;87,6591;68,6479;54,4065;25,3603;
23069_2_2000;2000;geo;RO;90627,12;36,25;11;33;35;6;1;1;12;99;131678476,7;307609076,2;446267897,6;702273008,6;77463,73;59881,05;46024,94;20399,82;1,2352;305,8755;91,1154;428,3728;140,0480915;3,8546;201,7338;354,0936;369,3402;381,4796;425,3132;86,907;66,77;51,9758;23,0318;
23069_2_2005;2005;geo;RO;81960,12;32,78;12;40;39;5;4;2;13;115;136673334,3;306508789,5;433493978,8;658445709,9;68296,9;51322,72;38632,62;16115,55;1,2589;337,1552;101,4168;474,185;140,6429443;3,7788;257,0764;369,6448;390,0504;404,0794;454,4479;84,9327;63,3251;48,3178;20,149;
23069_2_2010;2010;geo;RO;80694,5;32,28;7;36;35;10;3;2;14;107;133442155;300710098,5;426831308,2;649137737,1;67354,4;50637,37;38033,69;15780,72;1,2519;285,9711;103,4015;454,3968;158,8960563;3,6642;234,6043;352,6412;372,9706;388,1572;442,0009;85,0759;63,5292;48,3462;20,0581;
23069_2_2015;2015;geo;RO;80798,67;32,32;8;40;39;11;6;3;15;122;134918080,2;304012381,7;430303115,5;650502446,1;67310,12;50410,71;37789,97;15748,43;1,2212;281,3848;104,6853;460,5564;163,6749391;3,2452;211,5728;350,5853;376,4307;396,8603;466,9718;84,9176;63,1451;47,9494;19,983;
00167_1985;1985;esp;AC;211742,16;84,70;3;33;5;3;0;0;4;48;260552719,7;687202217,9;1031511289;1618615191;185696,16;143074,03;108672,88;49880,64;1,3847;129,2381;60,1815;96,7343;74,84967668;12,079;116,9004;447,4799;448,9644;450,4098;463,0075;88,6507;68,1363;52,0243;23,8522;
00167_1990;1990;esp;AC;184419,28;73,77;0;220;27;2;4;3;9;265;409546252,8;988085176,2;1363752701;1752957992;143480,91;85682,09;48128,62;9123,48;1,4352;114,8174;60,7336;84,3739;73,48529056;16,2472;129,6663;944,0374;993,3618;1034,7433;1108,9817;79,3281;47,309;26,7824;5,0814;
00167_1995;1995;esp;AC;165229,72;66,09;4;312;42;9;0;3;11;381;367547213,5;827873566;1131683879;1499059905;128487,94;82495,76;52129,81;15323,73;1,4214;139,1017;62,264;110,7438;79,61354894;15,2574;145,8844;1113,1112;1172,8665;1219,7015;1348,2476;79,1946;50,6134;32,217;9,4421;
00167_2000;2000;esp;AC;129699,65;51,88;0;104;67;5;5;12;21;214;338781517;753580161,6;991326415,4;1208259241;95833,23;54386,9;30617,73;8873,73;1,3912;189,1207;83,4543;160,6735;84,9581775;7,9487;247,9399;530,887;613,8922;726,319;1078,4936;75,6426;42,669;24,2111;6,9341;
00167_2005;2005;esp;AC;105869;42,35;2;666;146;15;14;7;20;870;376751016,7;718989814,9;863371036,3;974705977,4;68204,34;34000,77;19556,57;8398,41;1,402;165,5583;70,502;132,9731;80,3179907;8,4165;247,5349;981,2129;1309,4735;1666,4548;2295,1065;66,438;32,7356;18,8373;8,0082;
00167_2010;2010;esp;AC;81728,55;32,69;0;725;187;40;19;11;17;999;357770942,3;641741614,5;737551565,3;794539807;45961,94;17578,1;7988,9;2274,57;1,3999;220,3597;83,8727;189,7488;86,10866688;6,8129;363,213;913,1865;1356,2407;1759,7206;2066,8991;58,5685;22,0941;10,046;2,8317;
00167_2015;2015;esp;AC;79279,79;31,71;0;837;212;40;18;14;15;1136;355424025,3;630208012,1;721212243,2;779120873,9;43746,83;16281,22;7173,05;1367,7;1,4011;197,5501;77,5286;174,4104;88,28666753;6,8722;369,0079;994,8894;1429,9673;1792,9342;2116,0189;57,5599;21,1317;9,304;1,7725;
22863_1985;1985;esp;PA;231270,48;92,51;14;37;5;0;0;0;3;59;155408545,3;411103734,2;632660452,6;1063622781;215736,2;190190,83;168054,67;124908,2;1,2493;115,0625;60,0776;50,182;43,61281912;6,1298;108,2216;512,7242;516,4333;521,091;540,7491;94,0563;82,8064;73,3814;54,4445;
22863_1990;1990;esp;PA;218837,79;87,54;37;70;14;0;0;1;3;125;213664007,6;543472072,8;808011456,5;1284543991;197469,46;164519,39;138086,87;90383,39;1,3006;139,8684;60,5512;101,379;72,48170423;8,5551;128,7977;723,7138;734,9807;747,09;783,9787;91,3376;75,9831;64,0122;41,802;
22863_1995;1995;esp;PA;206185,55;82,47;52;108;18;1;0;1;3;183;255566361,5;621813087,3;896975160,9;1362706357;180653,19;144060,28;116563,45;69914,91;1,3219;135,2388;60,9399;64,559;47,73703996;10,8249;141,3389;883,6556;901,6234;918,9677;974,4344;88,9877;70,8185;57,5066;34,4282;
22863_2000;2000;esp;PA;194848,74;77,94;56;155;28;6;1;0;3;249;288174019,4;674084397,9;960420567,6;1419535989;166203,43;127687,28;99116,64;52895,14;1,3266;143,7434;60,8943;86,7747;60,36778036;12,2088;142,813;1019,5727;1046,7663;1071,5204;1148,3979;87,1071;66,7061;52,0105;27,8056;
22863_2005;2005;esp;PA;176668,74;70,67;82;156;49;7;1;0;3;298;331341237,7;751333060,8;1038980792;1456511960;143843,68;102224,01;73483,76;31017,54;1,3045;154,5947;61,4792;96,9736;62,72763555;14,7954;158,593;1107,0198;1136,4207;1161,0579;1224,0055;83,6851;59,2118;42,837;18,4298;
22863_2010;2010;esp;PA;159521,04;63,81;78;187;57;14;2;0;11;349;361981311,5;790781160,7;1067131137;1420484802;123834,15;81178,26;53658,58;17472,56;1,3126;159,1491;64,2088;112,3107;70,56948484;13,1164;193,9237;1082,5264;1146,2283;1199,2063;1293,036;80,2931;52,3912;34,8963;11,9078;
22863_2015;2015;esp;PA;148544,73;59,42;86;229;74;16;2;3;15;425;370269797,7;799530408,6;1054224312;1353044989;111606,85;68724,46;43267,52;13240,23;1,3206;162,3084;64,0169;119,3953;73,56076457;12,7901;223,0921;1137,382;1218,7977;1282,1893;1372,9978;77,7068;47,6777;30,2478;9,3501;
23069_1985;1985;esp;RO;204157,94;81,66;14;224;25;1;0;0;1;265;457080351,6;1081049049;1475387538;1888141641;158466,29;96120,3;56697,74;15343,77;1,3988;120,686;60,3456;65,0848;53,92903899;29,9575;102,8327;1620,274;1621,49;1621,7275;1621,7275;80,0724;48,6568;29,0334;7,8189;
23069_1990;1990;esp;RO;150250,14;60,10;55;324;95;6;5;6;15;506;543512686,6;1100447578;1326402828;1463407665;95918,73;40256,62;17647,47;3909,37;1,374;147,1024;62,6947;108,5482;73,79091028;27,5002;158,6991;1669,19;1800,5538;1883,3586;1870,7249;67,5062;28,3991;12,5103;2,7203;
23069_1995;1995;esp;RO;85294,79;34,12;139;476;235;28;33;20;23;954;490934808,2;884355308,4;1004954044;1083569145;62388,45;23094,44;11024,11;0;1,3572;152,7098;72,0572;114,0763;74,70136167;8,918;311,2667;1089,7552;1697,27;2215,0473;2593,5316;59,9861;21,9788;10,4226;2,9255;
23069_2000;2000;esp;RO;80497,22;32,20;169;687;385;49;35;10;12;1347;411563626,2;683668345,1;748663371,4;787763696,4;39394,16;12196,63;5689,71;1720,85;1,3322;177,4789;87,6426;146,0653;82,30009314;5,91;409,9249;1024,4457;1915,3342;2710,9685;3541,1555;53,2063;16,1178;7,4211;2,2605;
23069_2005;2005;esp;RO;57521,57;23,01;240;853;456;54;24;11;6;1644;342617605,6;526593525,6;561927205,7;575145174,7;23277,15;4880,65;1343,18;7,05;1,304;188,2752;105,2669;152,6412;81,07344993;4,3811;377,9115;685,6971;1244,0092;1669,1707;4017,4619;44,9759;9,2164;2,5948;0,0344;
23069_2010;2010;esp;RO;49668,84;19,87;200;762;459;52;22;6;6;1507;298579620;455503157,1;486121150,4;496860091;19850,94;4159,38;1094,76;0;1,2897;207,5177;115,0901;172,3864;83,0706971;3,9251;410,7909;650,0882;1116,7347;1459,6349;3843,1758;44,4327;9,0723;2,5006;0,04;
23069_2015;2015;esp;RO;45849,6;18,34;204;772;466;47;19;6;6;1520;282029652,6;422948207,1;449871821,1;458512047,6;17669,32;3576,7;881,85;0;1,2832;210,4275;118,1013;181,3904;86,20090055;3,7151;387,0775;608,7807;1087,1659;1578,6214;3871,6921;42,9842;8,4293;2,1927;0,0379;
23159_1985;1985;esp;RR;235254,51;94,10;7;5;0;1;0;0;2;15;111812831,2;302690199;483885081,2;892982122;224101,65;205035,26;186951;145956,3;1,2195;102,5099;69,8236;42,9682;41,91614664;4,5837;110,8068;218,8225;221,4463;224,6638;237,114;95,8916;87,6176;80,1471;62,5567;
23159_1990;1990;esp;RR;226563,17;90,63;19;29;1;0;0;0;2;51;131160612,9;347037338,6;541573742,3;953771658,2;213464,8;191899,74;172464,64;131186;1,2558;120,0625;60,0231;71,632;59,66225924;5,8449;87,5417;443,3922;448,3973;454,2475;476,3411;94,8966;85,2048;76,8243;58,3938;
23159_1995;1995;esp;RR;216473,58;86,59;23;47;7;0;0;1;4;82;148428180,9;377552989,5;577667858,1;989353145,4;201721,72;178873,02;158915,11;117538,27;1,2494;137,7113;60,583;85,1157;61,80734624;5,9248;140,2702;567,2772;579,4045;592,4915;637,4789;94,0577;83,2404;74,1953;54,9111;
23159_2000;2000;esp;RR;204042,6;81,62;19;38;7;0;1;0;8;73;166863693;423456305,1;637997273;1062050108;187385,92;161749,61;140314,58;97837,59;1,2717;165,6851;62,0373;115,0624;69,44643785;5,6639;215,2344;530,137;552,6573;576,1256;653,1453;92,7715;79,9267;69,6059;48,4628;
23159_2005;2005;esp;RR;186080,85;74,43;60;154;17;0;3;2;9;245;217885877,8;511773179,9;739658989,7;1137357616;164532,65;135285,38;112513,54;72345,09;1,2818;154,1434;61,1763;102,4952;66,49340809;7,0024;228,0691;977,8261;1038,5827;1100,6857;1279,5308;89,8377;73,5908;61,4615;39,5591;
23159_2010;2010;esp;RR;161910,9;64,76;66;239;35;3;5;2;13;363;255564371,1;589760175,2;830583642,1;1189873237;136421,65;103043,32;78976,18;42923,58;1,2992;174,9396;63,1551;125,5288;71,75550876;6,1841;220,7757;874,8158;960,1064;1050,5636;1324,3507;85,9272;64,6804;49,8572;26,9787;
23159_2015;2015;esp;RR;154905,98;61,96;91;256;37;5;4;2;15;410;284011604;643250493,1;888248343,6;1221566017;126561,57;90698,49;66211,88;32749,37;1,3096;173,7907;63,8313;129,9643;74,78207982;6,4784;230,9017;853,8454;962,1694;1079,2396;1426,4262;83,6182;59,6709;43,8503;21,5273;
23167_1985;1985;esp;RO;230801,59;92,32;11;6;0;0;0;0;2;19;155176713;589942746,3;675894235,7;1212009658;215289,63;188309,59;163270,45;109600,62;1,2719;123,713;60,0091;117,5686;95,0333433;6,7179;77,9224;214,2856;214,9354;215,9151;220,9921;94,0755;82,2335;71,6171;48,0593;
23167_1990;1990;esp;RO;214581,62;85,83;29;59;7;0;0;0;2;97;251793388,9;932657836,6;947160169;1511681482;189406,34;151002,76;119932,26;63413,47;1,3183;111,5653;60,0799;63,3032;56,74094006;16,5786;86,2608;911,2017;913,537;915,2402;916,5151;89,6015;71,3596;56,9871;30,1368;
23167_1995;1995;esp;RO;169014,17;67,61;267;147;34;2;1;2;5;458;336936913,9;1339269458;1071827618;1449935456;135434,65;91437,98;62088,41;24020,62;1,2771;126,5042;64,9103;95,1056;75,1797964;15,8848;124,848;1333,4369;1363,1355;1383,5883;1411,2865;82,2709;55,3886;37,9358;14,7127;
23167_2000;2000;esp;RO;111587,27;44,63;216;181;110;22;12;8;22;571;363305791,7;1530837526;918246436,5;1068563078;75289,29;37389,55;19836,66;4730,96;1,286;133,9046;74,008;121,148;90,47336686;6,864;254,327;666,1927;781,0611;881,6986;1308,4496;70,7538;34,8061;18,6967;4,4513;
23167_2005;2005;esp;RO;71052,8;28,42;455;524;232;42;21;15;13;1302;289188250,9;1401260982;609939015,7;688763945,7;42157,78;19210,27;10089,21;2176,41;1,2639;168,3475;97,9395;142,491;84,64099556;3,7234;396,6184;787,3028;1151,5127;1461,3702;2000,7753;62,8903;28,0805;14,944;3,2264;
23167_2010;2010;esp;RO;60164,02;24,07;451;467;251;35;17;16;10;1247;251153769,2;1258382991;514756182,2;581984223,4;35065,34;16063,51;8710,13;1965,6;1,2575;175,2464;90,9874;164,6023;93,92620904;3,375;355,6776;762,4445;1124,8239;1412,9395;1912,4597;61,8415;27,7006;15,1832;3,4335;
23167_2015;2015;esp;RO;54811,5;21,92;510;504;257;36;14;13;9;1343;230825785,1;1196018499;463475858,9;528400351,7;31737,37;15109,34;8477,22;1971,46;1,2491;179,9317;99,1774;173,0873;96,19611219;3,1271;418,2442;830,7353;1226,3987;1497,0652;1980,7483;61,3755;28,4806;16,208;3,7707;
23267_1985;1985;esp;RO;229369,59;91,75;1;90;7;0;0;1;2;101;236681719,2;587035855,2;873282576,1;1428840229;205939,91;170974,79;142375,08;86485,57;1,3749;90,4586;60,0545;44,5071;49,20162373;11,7569;72,8062;888,2935;898,6624;908,2957;940,3078;91,0116;75,4076;63,1068;38,4377;
23267_1990;1990;esp;RO;198771,21;79,51;287;458;30;3;1;0;5;784;523703433,2;1173087808;1580649759;1936920523;146585,06;81766,65;41018,46;5079,16;1,3955;95,1535;60,401;46,8742;49,26166668;32,7643;98,0254;2285,499;2268,8662;2222,3749;1980,1276;76,8211;43,1488;21,9979;2,862;
23267_1995;1995;esp;RO;162480,96;64,99;323;514;85;4;3;4;15;948;540707256,3;1116968774;1419081290;1639096771;111493,58;54427,53;24246,82;0;1,3791;123,1066;62,2649;85,0204;69,06242232;13,0713;204,5317;1317,0187;1447,1418;1555,0189;1464,6173;72,18;35,4457;16,0561;1,4664;
23267_2000;2000;esp;RO;162480,96;64,99;365;589;121;7;6;11;17;1116;514009447,9;1019449542;1246779698;1392731740;88570,42;38583,27;15860,58;23207,79;1,3628;134,0067;63,6113;104,147;77,7177559;12,229;237,7105;1351,7678;1517,1187;1617,8318;1823,6999;67,9835;29,6893;12,4254;0,9715;
23267_2005;2005;esp;RO;107127,63;42,85;347;663;150;19;12;15;24;1230;464283239,9;870145754,3;1014821541;1080896343;61912,57;21679,37;7201,38;0;1,3478;149,7964;67,5639;130,5214;87,13253456;8,3591;281,2165;961,5973;1135,2953;1364,7383;3025,6071;62,0814;21,7952;7,4235;0,5752;
23267_2010;2010;esp;RO;90770,03;36,31;326;650;172;29;21;18;25;1241;420347756,6;767338629,6;871438026,6;912833730,6;49558,28;15078,4;4656,9;0;1,3396;163,8015;74,7219;142,9049;87,24272977;5,0882;215,3626;565,7763;868,4303;1570,154;3255,6153;59,1458;18,0009;5,6684;0,5961;
23267_2015;2015;esp;RO;76870,89;30,75;364;847;223;39;26;23;20;1542;421646040,3;686827471;750120185,6;776451917;35859,28;9447,29;3108,83;0;1,3738;150,438;76,3533;138,4989;92,06377378;5,2413;235,7935;639,2435;1269,4706;2433,4905;3610,6896;51,5134;13,4058;4,4116;0,6545;
23267_2_1985;1985;esp;RO;222511,95;89,00;18;63;9;1;0;0;1;92;233696150,5;613294280,2;931628738,5;1497215371;199147,3;161222,47;129416,56;72790,41;1,3317;101,4025;60,0579;49,0553;48,37681517;14,1852;75,2467;894,0503;894,4072;894,4272;894,4272;90,7019;73,3484;59,2535;33,2646;
23267_2_1990;1990;esp;RO;191158,83;76,46;61;134;31;1;0;0;2;229;354281026;851804721,8;1214004273;1707966779;156038,59;106731,74;70563,72;20362,15;1,3536;126,3161;60,4598;70,3011;55,65490068;16,8146;108,8379;996,4041;997,8388;997,2873;995,5944;83,8829;57,3393;38,3487;11,4899;
23267_2_1995;1995;esp;RO;162731,79;65,09;54;137;56;5;1;3;8;264;367480791,9;851163473,2;1168873401;1524362633;125995,79;77664,97;45909,22;10295,53;1,3448;158,1822;63,2434;96,5457;61,03449061;19,6901;171,8628;1356,4383;1422,6755;1474,957;1565,1163;79,8093;49,1565;29,5459;6,6194;
23267_2_2000;2000;esp;RO;134795,48;53,92;78;204;88;10;4;15;15;414;408314305,7;882581360,2;1128384242;1318811515;94013,04;46625,41;22044,91;2914,32;1,3314;141,3513;74,561;87,9762;62,23939928;12,1043;220,9333;902,2873;937,6808;960,9582;934,0514;72,8192;36,1148;17,4307;2,3467;
23267_2_2005;2005;esp;RO;93254,54;37,30;123;401;211;27;34;16;20;832;365650393,7;710570503,2;847248884,1;923182083,9;56748,03;22273,11;8599,76;936,33;1,2929;179,5341;101,9281;137,5735;76,62806119;5,3599;378,9838;601,1142;695,0178;844,8307;1963,5117;64,4631;25,1896;9,9797;1,1129;
23267_2_2010;2010;esp;RO;83457,45;33,38;115;392;240;40;36;18;20;861;341226399,7;655618000,3;770730082,9;826150690;49365,09;17947,1;6430,08;842,38;1,2706;189,8416;122,5776;154,9549;81,62325855;3,9152;335,1876;505,1314;674,2326;941,745;2289,3459;62,9077;22,7656;8,4044;1,0861;
23267_2_2015;2015;esp;RO;74312,19;29,72;131;433;281;52;40;20;15;972;322878768,7;605524402,1;702058629,5;741280900,7;42038,54;13787,33;4128,2;184,1;1,255;193,3581;111,8767;165,6534;85,67181825;3,1874;320,2674;424,1562;596,5382;856,0483;2662,4632;60,5026;19,7751;6,1986;0,2817;
